Agora,Interpol
,Anarchism
,Animals
,Archive
,Bank Accounts
,Banks
,Biohacking
,Bitcoin
,Business
Carded Items,Carding
,CBRNe
,Chat
Chemicals,Chemical
,Child Pornography
,Communities
,Confidentiality
,Corruption
Counterfeits/Accessories,Counterfeit
Counterfeits/Clothing,Counterfeit
Counterfeits/Electronics,Counterfeit
Counterfeits/Money,Counterfeit
Counterfeits,Counterfeit
Counterfeits/Watches,Counterfeit
,Credit Cards
,Crimes against Children
,Crimes in Sports
,Crowd funding
,Cryptocurrency
,Cybercrime
,DDoS
,Digital Libraries
,Doxing
Drug paraphernalia/Containers,Drugs
Drug paraphernalia/Grinders,Drugs
Drug paraphernalia/Injecting equipment/Filters,Drugs
Drug paraphernalia/Injecting equipment/Needles,Drugs
Drug paraphernalia/Injecting equipment/Other,Drugs
Drug paraphernalia/Injecting equipment/Syringes,Drugs
Drug paraphernalia/Paper,Drugs
Drug paraphernalia/Pipes,Drugs
Drug paraphernalia/Scales,Drugs
Drug paraphernalia/Stashes,Drugs
Drugs/Barbiturates,Drugs
Drugs/Benzos,Drugs
Drugs/Cannabis/Concentrates,Drugs
Drugs/Cannabis/Edibles,Drugs
Drugs/Cannabis/Hash,Drugs
Drugs/Cannabis/Seeds,Drugs
Drugs/Cannabis/Synthetics,Drugs
Drugs/Cannabis/Shake/trim,Drugs
Drugs/Cannabis/Weed,Drugs
Drugs/Dissociatives/GBL,Drugs
Drugs/Dissociatives/GHB,Drugs
Drugs/Dissociatives/Ketamine,Drugs
Drugs/Dissociatives/MXE,Drugs
Drugs/Dissociatives/Other,Drugs
Drugs/Dissociatives/PCP,Drugs
Drugs/Ecstasy/MDA,Drugs
Drugs/Ecstasy/MDMA,Drugs
Drugs/Ecstasy/Other,Drugs
Drugs/Ecstasy/Pills,Drugs
Drugs/Opioids,Drugs
Drugs/Opioids/Buprenorphine,Drugs
Drugs/Opioids/Codeine,Drugs
Drugs/Opioids/Dihydrocodeine,Drugs
Drugs/Opioids/Fentanyl,Drugs
Drugs/Opioids/Heroin,Drugs
Drugs/Opioids/Hydrocodone,Drugs
Drugs/Opioids/Morphine,Drugs
Drugs/Psychedelics/DMT,Drugs
Drugs/Opioids/Opium,Drugs
Drugs/Opioids/Other,Drugs
Drugs/Opioids/Oxycodone,Drugs
Drugs/Other,Drugs
Drugs/Prescription,Drugs
Drugs/Psychedelics/2C,Drugs
Drugs/Psychedelics/5-MeO,Drugs
Drugs/Psychedelics/LSD,Drugs
Drugs/Psychedelics/Mescaline,Drugs
Drugs/Psychedelics/Mushrooms,Drugs
Drugs/Psychedelics/NB,Drugs
Drugs/Psychedelics/Other,Drugs
Drugs/Psychedelics/Others,Drugs
Drugs/Psychedelics/Salvia,Drugs
Drugs/Psychedelics/Spores,Drugs
Drugs/RCs,Drugs
Drugs/Steroids,Drugs
Drugs/Stimulants/Cocaine,Drugs
Drugs/Stimulants/Mephedrone,Drugs
Drugs/Stimulants/Meth,Drugs
Drugs/Stimulants/Prescription,Drugs
Drugs/Weight loss,Drugs
Tobacco/Smoked,Drugs
Drugs & Chemicals,Drugs
Tobacco/Paraphernalia,Drugs
Drugs/Stimulants/Speed,Drugs
,Email
,Environmental Crime
,Escrow
,Essays
,Exploits
Weapons/Fireworks,Explosives
,Fake Identities
,Finance
Weapons/Lethal firearms,Firearms
Forgeries,Forged Documents
Forgeries/Other,Forged Documents
Forgeries/Physical documents,Forged Documents
Forgeries/Scans/Photos,Forged Documents
,Forum
Fraud,Fraud
,Freedom
,Gambling
,Gift Cards
,Hacking
,Hardware
Security & Hosting,Hosting
,Intelligence
,Law Enforcement
,Leak
,Legal activity
,Malware
,Maritime
,Market
,Media
,Medicine
,Messaging
,Military
,Mixer
,Money
,Money Laundering
,Murder
,Organised Crime
,Pastebin
,Payments
,Pharmaceutical
,Phishing
,Politics
,Pornography
,Racial
,Ransomware
,Religion
,Scam
Services/Advertising,Services
Services/Hacking,Services
Services/Money,Services
Services,Services
Services/Travel,Services
Services/Other,Services
,Social Network
Data/Software,Software
Software & Malware,Software
Data/Pirated,Stolen Data
Data/Accounts,Stolen Data
Jewelry & Gold,Stolen Goods
Jewelry,Stolen Goods
Electronics,Technology
,Terrorism
,Trade
,Trafficking Human Beings
Guides & Tutorials,Tutorial
Information/Guides,Tutorial
,Vehicle Crime
,Warcrimes
Weapons/Non-lethal firearms,Weapons
Weapons/Ammunition,Weapons
Weapons,Weapons
Weapons/Melee,Weapons
Info/eBooks/Anonymity,Wiki
Info/eBooks/Doomsday,Wiki
Info/eBooks/Drugs,Wiki
Info/eBooks/Economy,Wiki
Info/eBooks/IT,Wiki
Info/eBooks/Making money,Wiki
Info/eBooks/Other,Wiki
Info/eBooks/Politics,Wiki
Info/eBooks/Psychology,Wiki
Info/eBooks/Relationships/Sex,Wiki
Info/eBooks/Aliens/UFOs,Wiki
Info/eBooks/Science,Wiki
Information/eBooks,Wiki
Digital Goods,Wiki
Info/eBooks/Philosophy,Wiki
,Works of Art